{
    "cycles_program_begin": 37081112243547,
    "stat": {
        "ru_self_end": {
            "ru_nivcsw": 2,
            "ru_nvcsw": 53,
            "ru_utime_sec": 0.10117,
            "ru_majflt": 0,
            "ru_minflt": 30664,
            "ru_stime_sec": 0.073687000000000002,
            "ru_maxrss_kb": 87952
        },
        "ru_self_cgstart": {
            "ru_nivcsw": 2,
            "ru_nvcsw": 52,
            "ru_utime_sec": 0.075994000000000006,
            "ru_majflt": 0,
            "ru_minflt": 26553,
            "ru_stime_sec": 0.063587000000000005,
            "ru_maxrss_kb": 76852
        },
        "outputSizePerQuad": 118.10865384615384,
        "cpu_cycles_cgstart": 37278961260755,
        "totalObjSize": 245666,
        "ru_childs_cgstart": {
            "ru_nivcsw": 24,
            "ru_nvcsw": 26,
            "ru_utime_sec": 0.016580999999999999,
            "ru_majflt": 0,
            "ru_minflt": 11203,
            "ru_stime_sec": 0.012690999999999999,
            "ru_maxrss_kb": 24708
        },
        "cpu_cycles_end": 37279069320747,
        "peak_mem_kb": 293152,
        "nMops": 5663,
        "mopSpeed": 210653.57288993051,
        "nQuads": 2080,
        "cpu_cycles_total": 197957077200,
        "ru_childs_end": {
            "ru_nivcsw": 26,
            "ru_nvcsw": 27,
            "ru_utime_sec": 0.018287999999999999,
            "ru_majflt": 0,
            "ru_minflt": 11795,
            "ru_stime_sec": 0.012690999999999999,
            "ru_maxrss_kb": 24708
        },
        "CodeGen(%)": 22.504143715782945,
        "quadSpeed": 77372.317077707135,
        "mop/quad": 2.7225961538461538,
        "Frontend(%)": 77.495856284217055,
        "realTime": 67.79106616973877
    },
    "NameTable": {
        "std": [
            "std",
            "reYIK",
            "module",
            1
        ],
        "async_fifo_tb": [
            "async_fifo_tb",
            "JuPRz",
            "module",
            2
        ],
        "...MASTER...": [
            "SIM",
            "amcQw",
            "module",
            4
        ]
    },
    "Misc": {
        "VCS_HOME": "/home/yori/synopsys_tool/vcs/O-2018.09-SP2",
        "vcs_version": "O-2018.09-SP2_Full64",
        "daidir": "/home/yori/digital-design-practice/sim/async_fifo/simv.daidir",
        "csrc_abs": "/home/yori/digital-design-practice/csrc",
        "vcs_build_date": "Build Date = Feb 28 2019 22:34:30",
        "daidir_abs": "/home/yori/digital-design-practice/sim/async_fifo/simv.daidir",
        "csrc": "csrc",
        "archive_dir": "archive.3",
        "master_pid": 11574,
        "default_output_dir": "csrc",
        "cwd": "/home/yori/digital-design-practice",
        "hostname": "EDAYori"
    },
    "incremental": "on",
    "rlimit": {
        "data": -1,
        "stack": -1
    },
    "perf": [
        {
            "stat": [
                "main",
                "entry",
                0.01330113410949707,
                0.031132,
                0.01349,
                216448,
                216448,
                0.0,
                0.0,
                1774331127.6713691,
                37081112475407
            ],
            "sub": [
                {
                    "stat": [
                        "doParsingAndDesignResolution",
                        "entry",
                        67.686371088027954,
                        0.051221000000000003,
                        0.049668999999999998,
                        276556,
                        277356,
                        0.0,
                        0.0,
                        1774331195.344439,
                        37278764843103
                    ],
                    "sub": []
                },
                {
                    "stat": [
                        "doParsingAndDesignResolution",
                        "exit",
                        67.698084115982056,
                        0.059415000000000003,
                        0.053159999999999999,
                        277424,
                        278072,
                        0.0,
                        0.0,
                        1774331195.3561521,
                        37278798781725
                    ],
                    "sub": []
                },
                {
                    "stat": [
                        "doPostDesignResolutionToVir2Vcs",
                        "entry",
                        67.698728084564209,
                        0.059754000000000002,
                        0.053463999999999998,
                        277584,
                        278072,
                        0.0,
                        0.0,
                        1774331195.356796,
                        37278800605825
                    ],
                    "sub": [
                        {
                            "stat": [
                                "doUptoVir2VcsNoSepCleanup",
                                "entry",
                                67.701815128326416,
                                0.061551000000000002,
                                0.054745000000000002,
                                278748,
                                282716,
                                0.0,
                                0.0,
                                1774331195.3598831,
                                37278809589885
                            ],
                            "sub": []
                        },
                        {
                            "stat": [
                                "doUptoVir2VcsNoSepCleanup",
                                "exit",
                                67.733721971511841,
                                0.073494000000000004,
                                0.061245000000000001,
                                292700,
                                292708,
                                0.0071980000000000004,
                                0.0062789999999999999,
                                1774331195.3917899,
                                37278902501851
                            ],
                            "sub": []
                        },
                        {
                            "stat": [
                                "doRadify_vir2vcsAll",
                                "entry",
                                67.733792066574097,
                                0.073533000000000001,
                                0.061276999999999998,
                                292700,
                                292708,
                                0.0071980000000000004,
                                0.0062789999999999999,
                                1774331195.39186,
                                37278902657249
                            ],
                            "sub": []
                        },
                        {
                            "stat": [
                                "doRadify_vir2vcsAll",
                                "exit",
                                67.736685037612915,
                                0.075809000000000001,
                                0.061885000000000003,
                                292700,
                                292708,
                                0.0071980000000000004,
                                0.0062789999999999999,
                                1774331195.394753,
                                37278911114825
                            ],